BMI分组,min,max,mean,中位孕周,异常率
0.0,27.23922448,35.55555556,30.3943314809375,13.071428571428571,0.06451612903225806
1.0,32.95068027,44.20057918,36.3863032125,13.142857142857142,0.041666666666666664
2.0,25.59373706,36.328125,31.772363925416666,13.571428571428571,0.0
3.0,28.1969212,33.24787694,30.366189939310342,12.857142857142858,0.03571428571428571
